holiday_date,holiday_name
2020-01-01,New Year's Day
2020-01-20,Martin Luther King, Jr. Day
2020-02-17,Washington's Birthday
2020-05-25,Memorial Day
2020-07-03,Independence Day (Observed)
2020-07-04,Independence Day
2020-09-07,Labor Day
2020-10-12,Columbus Day
2020-11-11,Veterans Day
2020-11-26,Thanksgiving
2020-12-25,Christmas Day
2021-01-01,New Year's Day
2021-01-18,Martin Luther King, Jr. Day
2021-02-15,Washington's Birthday
2021-05-31,Memorial Day
2021-06-18,Juneteenth National Independence Day (Observed)
2021-06-19,Juneteenth National Independence Day
2021-07-04,Independence Day
2021-07-05,Independence Day (Observed)
2021-09-06,Labor Day
2021-10-11,Columbus Day
2021-11-11,Veterans Day
2021-11-25,Thanksgiving
2021-12-24,Christmas Day (Observed)
2021-12-25,Christmas Day
2022-01-01,New Year's Day
2021-12-31,New Year's Day (Observed)
2022-01-17,Martin Luther King, Jr. Day
2022-02-21,Washington's Birthday
2022-05-30,Memorial Day
2022-06-19,Juneteenth National Independence Day
2022-06-20,Juneteenth National Independence Day (Observed)
2022-07-04,Independence Day
2022-09-05,Labor Day
2022-10-10,Columbus Day
2022-11-11,Veterans Day
2022-11-24,Thanksgiving
2022-12-25,Christmas Day
2022-12-26,Christmas Day (Observed)
2023-01-01,New Year's Day
2023-01-02,New Year's Day (Observed)
2023-01-16,Martin Luther King, Jr. Day
2023-02-20,Washington's Birthday
2023-05-29,Memorial Day
2023-06-19,Juneteenth National Independence Day
2023-07-04,Independence Day
2023-09-04,Labor Day
2023-10-09,Columbus Day
2023-11-10,Veterans Day (Observed)
2023-11-11,Veterans Day
2023-11-23,Thanksgiving
2023-12-25,Christmas Day
2024-01-01,New Year's Day
2024-01-15,Martin Luther King, Jr. Day
2024-02-19,Washington's Birthday
2024-05-27,Memorial Day
2024-06-19,Juneteenth National Independence Day
2024-07-04,Independence Day
2024-09-02,Labor Day
2024-10-14,Columbus Day
2024-11-11,Veterans Day
2024-11-28,Thanksgiving
2024-12-25,Christmas Day
2025-01-01,New Year's Day
2025-01-20,Martin Luther King, Jr. Day
2025-02-17,Washington's Birthday
2025-05-26,Memorial Day
2025-06-19,Juneteenth National Independence Day
2025-07-04,Independence Day
2025-09-01,Labor Day
2025-10-13,Columbus Day
2025-11-11,Veterans Day
2025-11-27,Thanksgiving
2025-12-25,Christmas Day
2026-01-01,New Year's Day
2026-01-19,Martin Luther King, Jr. Day
2026-02-16,Washington's Birthday
2026-05-25,Memorial Day
2026-06-19,Juneteenth National Independence Day
2026-07-03,Independence Day (Observed)
2026-07-04,Independence Day
2026-09-07,Labor Day
2026-10-12,Columbus Day
2026-11-11,Veterans Day
2026-11-26,Thanksgiving
2026-12-25,Christmas Day
2027-01-01,New Year's Day
2027-01-18,Martin Luther King, Jr. Day
2027-02-15,Washington's Birthday
2027-05-31,Memorial Day
2027-06-18,Juneteenth National Independence Day (Observed)
2027-06-19,Juneteenth National Independence Day
2027-07-04,Independence Day
2027-07-05,Independence Day (Observed)
2027-09-06,Labor Day
2027-10-11,Columbus Day
2027-11-11,Veterans Day
2027-11-25,Thanksgiving
2027-12-24,Christmas Day (Observed)
2027-12-25,Christmas Day
2028-01-01,New Year's Day
2027-12-31,New Year's Day (Observed)
2028-01-17,Martin Luther King, Jr. Day
2028-02-21,Washington's Birthday
2028-05-29,Memorial Day
2028-06-19,Juneteenth National Independence Day
2028-07-04,Independence Day
2028-09-04,Labor Day
2028-10-09,Columbus Day
2028-11-10,Veterans Day (Observed)
2028-11-11,Veterans Day
2028-11-23,Thanksgiving
2028-12-25,Christmas Day
2029-01-01,New Year's Day
2029-01-15,Martin Luther King, Jr. Day
2029-02-19,Washington's Birthday
2029-05-28,Memorial Day
2029-06-19,Juneteenth National Independence Day
2029-07-04,Independence Day
2029-09-03,Labor Day
2029-10-08,Columbus Day
2029-11-11,Veterans Day
2029-11-12,Veterans Day (Observed)
2029-11-22,Thanksgiving
2029-12-25,Christmas Day
2030-01-01,New Year's Day
2030-01-21,Martin Luther King, Jr. Day
2030-02-18,Washington's Birthday
2030-05-27,Memorial Day
2030-06-19,Juneteenth National Independence Day
2030-07-04,Independence Day
2030-09-02,Labor Day
2030-10-14,Columbus Day
2030-11-11,Veterans Day
2030-11-28,Thanksgiving
2030-12-25,Christmas Day























Loading: ACDMail.csv
   Loaded with utf-8 encoding
   Raw data: 547 rows
   Columns: ['Date', 'Product', 'ACDCalls']
   Removing US holidays from call data using CSV file...
 SYSTEM ERROR: Error tokenizing data. C error: Expected 2 fields in line 3, saw 3

Traceback (most recent call last):
  File "c:\Users\BhungarD\OneDrive - Computershare\Desktop\acdmodel\acd.py", line 1141, in main
    call_data = data_manager.load_call_data()
  File "c:\Users\BhungarD\OneDrive - Computershare\Desktop\acdmodel\acd.py", line 208, in load_call_data
    df_clean = remove_us_holidays(df_clean, 'date')
  File "c:\Users\BhungarD\OneDrive - Computershare\Desktop\acdmodel\acd.py", line 82, in remove_us_holidays
    holidays_df = pd.read_csv("us_holidays.csv")
  File "C:\Users\BhungarD\Lib\site-packages\pandas\io\parsers\readers.py", line 1026, in read_csv
    return _read(filepath_or_buffer, kwds)
  File "C:\Users\BhungarD\Lib\site-packages\pandas\io\parsers\readers.py", line 626, in _read
    return parser.read(nrows)
           ~~~~~~~~~~~^^^^^^^
  File "C:\Users\BhungarD\Lib\site-packages\pandas\io\parsers\readers.py", line 1923, in read
    ) = self._engine.read(  # type: ignore[attr-defined]
        ~~~~~~~~~~~~~~~~~^^^^^^^^^^^^^^^^^^^^^^^^^^^^^^^
        nrows
        ^^^^^
    )
    ^
  File "C:\Users\BhungarD\Lib\site-packages\pandas\io\parsers\c_parser_wrapper.py", line 234, in read
    chunks = self._reader.read_low_memory(nrows)
  File "parsers.pyx", line 838, in pandas._libs.parsers.TextReader.read_low_memory
  File "parsers.pyx", line 905, in pandas._libs.parsers.TextReader._read_rows 
  File "parsers.pyx", line 874, in pandas._libs.parsers.TextReader._tokenize_rows
  File "parsers.pyx", line 891, in pandas._libs.parsers.TextReader._check_tokenize_status
  File "parsers.pyx", line 2061, in pandas._libs.parsers.raise_parser_error   
pandas.errors.ParserError: Error tokenizing data. C error: Expected 2 fields in line 3, saw 3

 SYSTEM FAILED: Error tokenizing data. C error: Expected 2 fields in line 3, saw 3

PS C:\Users\BhungarD\OneDrive - Computershare\Desktop\acdmodel> 
